Adult,Average Leafhopper Number
0-20,1.857142857
21-40,0.894736842
41-60,6.818181818
61-80,10.24242424
81-100,11.55882353
